"   ncalls","  tottime","  percall","  cumtime","  percall"," filename:lineno(function)"
      2/1,"    0.016","    0.008","   41.839","   41.839", {built-in method builtins.exec}
"      970","    0.004","    0.000","   30.616","    0.032", index.py:65(gen)
"      970","    0.007","    0.000","   29.946","    0.031"," helpers.py:221(get_frames)"
"      970","    0.080","    0.000","   26.024","    0.027"," helpers.py:126(_camera_read)"
"     1940","    9.187","    0.005","    9.450","    0.005"," {filter2D}"
"      969","    8.772","    0.009","    9.178","    0.009"," {built-in method msleep}"
"     1940","    8.431","    0.004","    8.687","    0.004"," {undistort}"
"      117","    0.001","    0.000","    4.731","    0.040"," _differentiable_functions.py:413(__call__)"
"      117","    0.001","    0.000","    4.286","    0.037"," least_squares.py:262(__call__)"
"       96","    0.004","    0.000","    4.199","    0.044"," _numdiff.py:871(__call__)"
"      117","    0.001","    0.000","    3.683","    0.031"," helpers.py:443(residual_function)"
"       12","    0.000","    0.000","    3.593","    0.299"," _differentiable_functions.py:739(jac)"
"        1","    0.000","    0.000","    3.395","    3.395"," helpers.py:422(bundle_adjustment)"
"        1","    0.003","    0.003","    3.388","    3.388"," _util.py:677(inner)"
"        1","    0.001","    0.001","    3.385","    3.385"," trf.py:113(trf)"
"        1","    0.000","    0.000","    3.385","    3.385"," least_squares.py:266(least_squares)"
"        1","    0.000","    0.000","    3.318","    3.318"," trf.py:415(trf_no_bounds)"
"     1940","    2.990","    0.002","    3.080","    0.002"," {method 'read' of 'cv2.VideoCapture' objects}"
"    10663","    0.470","    0.000","    2.756","    0.000"," helpers.py:298(calculate_reprojection_error)"
"       11","    0.000","    0.000","    2.736","    0.249"," _differentiable_functions.py:438(__call__)"
"       12","    0.000","    0.000","    2.736","    0.228"," _differentiable_functions.py:702(_update_jac)"
"     1940","    2.593","    0.001","    2.666","    0.001"," {GaussianBlur}"
"       12","    0.000","    0.000","    2.622","    0.219"," _numdiff.py:278(approx_derivative)"
"      515","    0.031","    0.000","    2.017","    0.004"," helpers.py:287(calculate_reprojection_errors)"
"       21","    0.000","    0.000","    1.895","    0.090"," _differentiable_functions.py:732(fun)"
"     1084","    0.019","    0.000","    1.889","    0.002"," helpers.py:513(triangulate_points)"
"    11576","    0.300","    0.000","    1.864","    0.000"," helpers.py:476(triangulate_point)"
"      969","    0.025","    0.000","    1.624","    0.002"," index.py:55(cvimage_to_label)"
"      969","    0.005","    0.000","    1.527","    0.002"," convenience.py:65(resize)"
"      969","    1.424","    0.001","    1.519","    0.002"," {resize}"
"       33","    0.001","    0.000","    1.451","    0.044"," _differentiable_functions.py:696(_update_fun)"
"       12","    0.000","    0.000","    1.447","    0.121"," _numdiff.py:663(_dense_difference)"
"     2028","    0.107","    0.000","    1.046","    0.001"," viewer3d.py:255(paintGL)"
"    22912","    0.004","    0.000","    0.927","    0.000"," Singleton.py:21(instance)"
"        1","    0.248","    0.248","    0.923","    0.923"," helpers.py:57(configure)"
"        1","    0.000","    0.000","    0.923","    0.923"," helpers.py:21(__init__)"
"    11011","    0.258","    0.000","    0.813","    0.000"," helpers.py:495(DLT)"
"      665","    0.070","    0.000","    0.631","    0.001"," helpers.py:522(find_point_correspondance_and_object_points)"
"    44478","    0.386","    0.000","    0.589","    0.000"," _function_base_impl.py:5289(delete)"
"      976","    0.446","    0.000","    0.557","    0.001"," shape_base.py:295(hstack)"
"     4413","    0.523","    0.000","    0.553","    0.000"," {cvtColor}"
"     1940","    0.281","    0.000","    0.545","    0.000"," helpers.py:690(make_square)"
"     1504","    0.016","    0.000","    0.533","    0.000"," helpers.py:227(_find_dot)"
"    11022","    0.058","    0.000","    0.515","    0.000"," _util.py:1196(wrapper)"
"     2028","    0.005","    0.000","    0.504","    0.000"," matrix44.py:160(look_at)"
"     2028","    0.049","    0.000","    0.482","    0.000"," matrix44.py:454(create_look_at)"
"        2","    0.000","    0.000","    0.453","    0.227"," subprocess.py:506(run)"
"        2","    0.000","    0.000","    0.453","    0.227"," videoSubSystem.py:5(listWebcams)"
"        2","    0.000","    0.000","    0.453","    0.227"," videoSubSystem.py:72(get_id_from_name)"
"        2","    0.442","    0.221","    0.452","    0.226"," {method 'read' of '_io.BufferedReader' objects}"
"        2","    0.000","    0.000","    0.452","    0.226"," subprocess.py:1165(communicate)"
"    11022","    0.193","    0.000","    0.448","    0.000"," _decomp_svd.py:16(svd)"
"    23352","    0.272","    0.000","    0.389","    0.000"," _index_tricks_impl.py:344(__getitem__)"
"        1","    0.000","    0.000","    0.331","    0.331"," app.py:22(__init__)"
"        1","    0.001","    0.001","    0.330","    0.330"," app.py:80(init_ui)"
"        1","    0.301","    0.301","    0.301","    0.301"," viewer3d.py:11(__init__)"
"     4202","    0.110","    0.000","    0.300","    0.000"," numeric.py:1556(cross)"
"    21326","    0.244","    0.000","    0.263","    0.000"," {projectPoints}"
"    45328","    0.042","    0.000","    0.259","    0.000"," fromnumeric.py:2589(all)"
"   267441","    0.257","    0.000","    0.257","    0.000"," {built-in method numpy.array}"
2906/2900,"    0.247","    0.000","    0.256","    0.000"," {built-in method numpy.zeros}"
"     1504","    0.229","    0.000","    0.238","    0.000"," {findContours}"
"    74497","    0.236","    0.000","    0.236","    0.000"," {method 'reduce' of 'numpy.ufunc' objects}"
"    45360","    0.076","    0.000","    0.218","    0.000"," fromnumeric.py:89(_wrapreduction_any_all)"
"       10","    0.211","    0.021","    0.216","    0.022"," {method 'set' of 'cv2.VideoCapture' objects}"
"    21340","    0.063","    0.000","    0.183","    0.000"," _shape_base_impl.py:518(expand_dims)"
"      681","    0.030","    0.000","    0.181","    0.000"," helpers.py:375(fundamental_from_projections)"
"    46552","    0.120","    0.000","    0.176","    0.000"," numeric.py:1420(normalize_axis_tuple)"
"    12606","    0.046","    0.000","    0.168","    0.000"," numeric.py:1482(moveaxis)"
"      969","    0.016","    0.000","    0.143","    0.000"," app.py:448(setImage)"
"     6084","    0.020","    0.000","    0.137","    0.000"," utils.py:16(wrapper)"
"     4056","    0.011","    0.000","    0.131","    0.000"," dispatcher.py:431(__call__)"
"    11022","    0.025","    0.000","    0.129","    0.000"," _util.py:403(_asarray_validated)"
"    10663","    0.008","    0.000","    0.129","    0.000"," {method 'mean' of 'numpy.ndarray' objects}"
"    43368","    0.093","    0.000","    0.126","    0.000"," numeric.py:171(ones)"
"    10664","    0.042","    0.000","    0.121","    0.000"," _methods.py:117(_mean)"
"     6084","    0.047","    0.000","    0.114","    0.000"," vector.py:9(normalize)"
"        1","    0.104","    0.104","    0.107","    0.107"," {built-in method show}"
"   470573","    0.094","    0.000","    0.106","    0.000"," {built-in method builtins.isinstance}"
"    25444","    0.026","    0.000","    0.097","    0.000"," helpers.py:272(get_camera_params)"
"        1","    0.000","    0.000","    0.089","    0.089"," _differentiable_functions.py:533(__init__)"
"     2028","    0.008","    0.000","    0.087","    0.000"," matrix44.py:142(perspective_projection)"
"     1504","    0.082","    0.000","    0.086","    0.000"," {threshold}"
"      969","    0.082","    0.000","    0.082","    0.000"," {fromImage}"
"    11022","    0.027","    0.000","    0.078","    0.000"," _function_base_impl.py:598(asarray_chkfinite)"
"    10614","    0.036","    0.000","    0.072","    0.000"," shape_base.py:220(vstack)"
"     4056","    0.009","    0.000","    0.072","    0.000"," matrix44.py:224(__mul__)"
"     2028","    0.006","    0.000","    0.071","    0.000"," __init__.py:1750(clear)"
"    11022","    0.048","    0.000","    0.070","    0.000"," lapack.py:1025(_compute_lwork)"
"     6130","    0.035","    0.000","    0.069","    0.000"," _linalg.py:2379(det)"
"     6304","    0.014","    0.000","    0.069","    0.000"," fromnumeric.py:2338(sum)"
"    12168","    0.037","    0.000","    0.066","    0.000"," matrix44.py:172(__new__)"
"     2028","    0.065","    0.000","    0.065","    0.000"," {method 'clear' of 'mgl.Framebuffer' objects}"
"     7406","    0.018","    0.000","    0.065","    0.000"," fromnumeric.py:69(_wrapreduction)"
"      681","    0.026","    0.000","    0.062","    0.000"," helpers.py:680(drawlines)"
"     2028","    0.035","    0.000","    0.056","    0.000"," matrix44.py:238(create_perspective_projection)"
"    31646","    0.050","    0.000","    0.050","    0.000"," {built-in method builtins.hasattr}"
"     9591","    0.014","    0.000","    0.049","    0.000"," _moderngl.py:68(value)"
"      969","    0.005","    0.000","    0.048","    0.000"," app.py:458(setData)"
"    11055","    0.007","    0.000","    0.046","    0.000"," {method 'all' of 'numpy.ndarray' objects}"
"     4056","    0.005","    0.000","    0.045","    0.000"," dispatcher.py:304(dispatch)"
"    32032","    0.043","    0.000","    0.043","    0.000"," {method 'astype' of 'numpy.ndarray' objects}"
"   230124","    0.042","    0.000","    0.042","    0.000"," {method 'append' of 'list' objects}"
"      399","    0.007","    0.000","    0.041","    0.000"," viewer3d.py:201(add_point)"
"     2028","    0.017","    0.000","    0.039","    0.000"," dispatcher.py:334(dispatch_iter)"
"    11059","    0.005","    0.000","    0.039","    0.000"," _methods.py:66(_all)"
"    11619","    0.006","    0.000","    0.036","    0.000"," _moderngl.py:94(write)"
"     1940","    0.034","    0.000","    0.035","    0.000"," _function_base_impl.py:173(rot90)"
"     1781","    0.033","    0.000","    0.034","    0.000"," {built-in method builtins.print}"
"      146","    0.002","    0.000","    0.034","    0.000"," viewer3d.py:338(mouseMoveEvent)"
"    56938","    0.033","    0.000","    0.033","    0.000"," {method 'transpose' of 'numpy.ndarray' objects}"
"    10664","    0.030","    0.000","    0.033","    0.000"," _methods.py:75(_count_reduce_items)"
"    48719","    0.032","    0.000","    0.032","    0.000"," {built-in method numpy.empty}"
"    11775","    0.004","    0.000","    0.032","    0.000"," {built-in method builtins.any}"
"      146","    0.002","    0.000","    0.032","    0.000"," ArcBall.py:128(onDrag)"
"       20","    0.000","    0.000","    0.031","    0.002"," common.py:325(evaluate_quadratic)"
"    10627","    0.022","    0.000","    0.031","    0.000"," shape_base.py:80(atleast_2d)"
"    93104","    0.020","    0.000","    0.031","    0.000"," numeric.py:1469(<genexpr>)"
"     5535","    0.004","    0.000","    0.031","    0.000"," __init__.py:1360(render)"
"    11619","    0.030","    0.000","    0.030","    0.000"," {method '_write_uniform' of 'mgl.Context' objects}"
"     1938","    0.029","    0.000","    0.030","    0.000"," {method 'emit' of 'PyQt5.QtCore.pyqtBoundSignal' objects}"
"    32382","    0.029","    0.000","    0.029","    0.000"," {method 'reshape' of 'numpy.ndarray' objects}"
"     4056","    0.027","    0.000","    0.028","    0.000"," matrix44.py:223(multiply)"
"      752","    0.004","    0.000","    0.028","    0.000"," helpers.py:163(<genexpr>)"
"     5535","    0.027","    0.000","    0.027","    0.000"," {method 'render' of 'mgl.VertexArray' objects}"
"   114360","    0.026","    0.000","    0.026","    0.000"," {built-in method numpy.lib.array_utils.normalize_axis_index}"
"      681","    0.012","    0.000","    0.026","    0.000"," {line}"
"        3","    0.023","    0.008","    0.023","    0.008"," {built-in method addLayout}"
"    93784","    0.023","    0.000","    0.023","    0.000"," {built-in method numpy.asarray}"
"        1","    0.000","    0.000","    0.022","    0.022"," app.py:370(toggle_calculate_pose)"
"     2028","    0.008","    0.000","    0.022","    0.000"," matrix44.py:270(create_perspective_projection_from_bounds)"
"    11048","    0.003","    0.000","    0.022","    0.000"," _sparse.py:10(issparse)"
"        1","    0.000","    0.000","    0.021","    0.021"," index.py:161(calculate_camera_pose)"
"    11022","    0.013","    0.000","    0.020","    0.000"," blas.py:395(getter)"
"    11022","    0.019","    0.000","    0.019","    0.000"," getlimits.py:698(__init__)"
"      146","    0.002","    0.000","    0.018","    0.000"," ArcBall.py:47(drag)"
"    44478","    0.017","    0.000","    0.017","    0.000"," {method 'wrap' of 'numpy._core._multiarray_umath._array_converter' objects}"
"     1532","    0.016","    0.000","    0.017","    0.000"," {putText}"
"     6130","    0.009","    0.000","    0.017","    0.000"," _linalg.py:207(_commonType)"
"    44478","    0.016","    0.000","    0.016","    0.000"," {method 'as_arrays' of 'numpy._core._multiarray_umath._array_converter' objects}"
"    11590","    0.006","    0.000","    0.016","    0.000"," shape_base.py:216(_vhstack_dispatcher)"
"    59092","    0.015","    0.000","    0.015","    0.000"," {method 'items' of 'dict' objects}"
"    26179","    0.014","    0.000","    0.014","    0.000"," {built-in method builtins.max}"
"    21330","    0.014","    0.000","    0.014","    0.000"," {method 'flatten' of 'numpy.ndarray' objects}"
"      402","    0.001","    0.000","    0.014","    0.000"," __init__.py:1941(simple_vertex_array)"
"    12168","    0.013","    0.000","    0.013","    0.000"," base.py:19(__new__)"
"    11022","    0.013","    0.000","    0.013","    0.000"," lapack.py:1059(_check_work_float)"
"    24109","    0.013","    0.000","    0.013","    0.000"," {built-in method builtins.getattr}"
"      969","    0.013","    0.000","    0.013","    0.000"," {built-in method setPixmap}"
"     1532","    0.013","    0.000","    0.013","    0.000"," {moments}"
"    12289","    0.006","    0.000","    0.012","    0.000"," {built-in method builtins.all}"
"    11048","    0.004","    0.000","    0.011","    0.000"," <frozen abc>:117(__instancecheck__)"
"     6129","    0.010","    0.000","    0.010","    0.000"," {method 'astype' of 'numpy.generic' objects}"
"    22601","    0.010","    0.000","    0.010","    0.000"," {method 'get' of 'dict' objects}"
"    11650","    0.006","    0.000","    0.010","    0.000"," shape_base.py:208(_arrays_for_stack_dispatcher)"
" 1985/397","    0.004","    0.000","    0.010","    0.000"," copy.py:118(deepcopy)"
"      693","    0.002","    0.000","    0.010","    0.000"," fromnumeric.py:3328(prod)"
"    67827","    0.009","    0.000","    0.009","    0.000"," multiarray.py:188(concatenate)"
"    12608","    0.009","    0.000","    0.009","    0.000"," {built-in method builtins.sorted}"
"    57153","    0.009","    0.000","    0.009","    0.000"," {built-in method numpy.asanyarray}"
"    12168","    0.009","    0.000","    0.009","    0.000"," {method 'view' of 'numpy.ndarray' objects}"
"      402","    0.001","    0.000","    0.009","    0.000"," __init__.py:1790(buffer)"
"    40697","    0.008","    0.000","    0.008","    0.000"," {built-in method builtins.issubclass}"
"     1504","    0.008","    0.000","    0.008","    0.000"," {drawContours}"
"      402","    0.008","    0.000","    0.008","    0.000"," {method 'buffer' of 'mgl.Context' objects}"
"    11048","    0.007","    0.000","    0.008","    0.000"," {built-in method _abc._abc_instancecheck}"
"      402","    0.003","    0.000","    0.008","    0.000"," __init__.py:1903(_vertex_array)"
" 1191/397","    0.002","    0.000","    0.008","    0.000"," copy.py:191(_deepcopy_list)"
"    45328","    0.007","    0.000","    0.007","    0.000"," fromnumeric.py:2584(_all_dispatcher)"
"    46704","    0.007","    0.000","    0.007","    0.000"," fromnumeric.py:3523(ndim)"
"     9591","    0.007","    0.000","    0.007","    0.000"," {built-in method _struct.pack}"
"      968","    0.007","    0.000","    0.007","    0.000"," {built-in method setText}"
"      146","    0.005","    0.000","    0.007","    0.000"," ArcBall.py:180(Matrix3fSetRotationFromQuat4f)"
"    44478","    0.006","    0.000","    0.006","    0.000"," _function_base_impl.py:5285(_delete_dispatcher)"
"    46704","    0.006","    0.000","    0.006","    0.000"," fromnumeric.py:3519(_ndim_dispatcher)"
"     2029","    0.006","    0.000","    0.006","    0.000"," {built-in method width}"
"    10140","    0.003","    0.000","    0.006","    0.000"," variadic.py:32(isvariadic)"
2098/2046,"    0.002","    0.000","    0.006","    0.000"," <frozen abc>:121(__subclasscheck__)"
"    43395","    0.005","    0.000","    0.005","    0.000"," multiarray.py:1106(copyto)"
"    25474","    0.005","    0.000","    0.005","    0.000"," {built-in method _operator.index}"
"      402","    0.005","    0.000","    0.005","    0.000"," {method 'vertex_array' of 'mgl.Context' objects}"
"    12697","    0.004","    0.000","    0.005","    0.000"," _linalg.py:187(isComplexType)"
"      118","    0.004","    0.000","    0.005","    0.000"," helpers.py:426(params_to_camera_poses)"
"      681","    0.004","    0.000","    0.005","    0.000"," {computeCorrespondEpilines}"
"    11022","    0.003","    0.000","    0.005","    0.000"," core.py:6686(isMaskedArray)"
"     2028","    0.002","    0.000","    0.005","    0.000"," __init__.py:1759(enable)"
"        1","    0.004","    0.004","    0.004","    0.004"," {built-in method menuBar}"
"    11022","    0.004","    0.000","    0.004","    0.000"," getlimits.py:722(max)"
2098/2046,"    0.004","    0.000","    0.004","    0.000"," {built-in method _abc._abc_subclasscheck}"
"    12606","    0.004","    0.000","    0.004","    0.000"," {method 'insert' of 'list' objects}"
"     6130","    0.003","    0.000","    0.004","    0.000"," _linalg.py:201(_realType)"
"     1202","    0.003","    0.000","    0.004","    0.000"," shape_base.py:21(atleast_1d)"
"      449","    0.002","    0.000","    0.004","    0.000"," _linalg.py:2622(norm)"
"      402","    0.001","    0.000","    0.004","    0.000"," __init__.py:2307(detect_format)"
"       84","    0.001","    0.000","    0.004","    0.000"," viewer3d.py:341(wheelEvent)"
"        1","    0.000","    0.000","    0.003","    0.003"," KalmanFilter.py:7(__init__)"
"        1","    0.000","    0.000","    0.003","    0.003"," helpers.py:255(start_trangulating_points)"
"        1","    0.000","    0.000","    0.003","    0.003"," viewer3d.py:16(initializeGL)"
"        2","    0.000","    0.000","    0.003","    0.001"," app.py:264(toggle_live_triangulation)"
"        2","    0.000","    0.000","    0.003","    0.001"," index.py:243(live_mocap)"
"      149","    0.003","    0.000","    0.003","    0.000"," ArcBall.py:71(_mapToSphere)"
"     2028","    0.003","    0.000","    0.003","    0.000"," __init__.py:1545(point_size)"
"     6130","    0.003","    0.000","    0.003","    0.000"," _linalg.py:256(_assert_stacked_square)"
"    21340","    0.003","    0.000","    0.003","    0.000"," _shape_base_impl.py:514(_expand_dims_dispatcher)"
"    22241","    0.003","    0.000","    0.003","    0.000"," multiarray.py:391(where)"
"    21341","    0.003","    0.000","    0.003","    0.000"," {built-in method builtins.iter}"
"     1532","    0.003","    0.000","    0.003","    0.000"," {circle}"
"     2028","    0.003","    0.000","    0.003","    0.000"," {method 'enable' of 'mgl.Context' objects}"
"     5972","    0.003","    0.000","    0.003","    0.000"," {method 'tolist' of 'numpy.ndarray' objects}"
"      146","    0.002","    0.000","    0.003","    0.000"," ArcBall.py:173(Matrix4fSetRotationFromMatrix3f)"
"      403","    0.001","    0.000","    0.003","    0.000"," fromnumeric.py:3190(min)"
"      403","    0.001","    0.000","    0.003","    0.000"," {method 'join' of 'str' objects}"
"        6","    0.000","    0.000","    0.003","    0.000"," LowPassFilter.py:6(__init__)"
"        6","    0.000","    0.000","    0.003","    0.000"," _filter_design.py:2639(iirfilter)"
"        6","    0.000","    0.000","    0.003","    0.000"," _filter_design.py:3342(butter)"
"      2/1","    2.098","    1.049","    0.002","    0.002"," {built-in method exec_}"
"      2/1","    0.022","    0.011","    0.002","    0.002"," app.py:480(main)"
"        1","    0.002","    0.002","    0.002","    0.002"," {findFundamentalMat}"
"      2/1","    0.000","    0.000","    0.002","    0.002"," <string>:1(<module>)"
"        1","    0.000","    0.000","    0.002","    0.002"," __init__.py:2237(create_context)"
"        1","    0.000","    0.000","    0.002","    0.002"," __init__.py:2278(init_context)"
"        1","    0.000","    0.000","    0.002","    0.002"," __init__.py:2297(get_context)"
"        1","    0.000","    0.000","    0.002","    0.002"," {built-in method moderngl.mgl.create_context}"
"       84","    0.002","    0.000","    0.002","    0.000"," ArcBall.py:108(onScroll)"
"    11022","    0.002","    0.000","    0.002","    0.000"," _misc.py:181(_datacopied)"
"     4056","    0.002","    0.000","    0.002","    0.000"," dispatcher.py:426(__get__)"
"    23353","    0.002","    0.000","    0.002","    0.000"," multiarray.py:698(result_type)"
"    11020","    0.002","    0.000","    0.002","    0.000"," multiarray.py:769(dot)"
"    12606","    0.002","    0.000","    0.002","    0.000"," numeric.py:1478(_moveaxis_dispatcher)"
"      968","    0.002","    0.000","    0.002","    0.000"," {built-in method builtins.round}"
"     4202","    0.002","    0.000","    0.002","    0.000"," {built-in method numpy.promote_types}"
"      804","    0.001","    0.000","    0.002","    0.000"," __init__.py:2325(<genexpr>)"
"     1191","    0.001","    0.000","    0.002","    0.000"," copy.py:231(_keep_alive)"
"      397","    0.001","    0.000","    0.002","    0.000"," fromnumeric.py:1348(argmin)"
"        6","    0.000","    0.000","    0.002","    0.000"," _filter_design.py:1229(zpk2tf)"
"       20","    0.000","    0.000","    0.002","    0.000"," common.py:57(solve_lsq_trust_region)"
"      439","    0.000","    0.000","    0.002","    0.000"," fromnumeric.py:51(_wrapfunc)"
"        1","    0.001","    0.001","    0.001","    0.001"," {method 'program' of 'mgl.Context' objects}"
"        1","    0.000","    0.000","    0.001","    0.001"," __init__.py:1948(program)"
"        1","    0.000","    0.000","    0.001","    0.001"," helpers.py:406(motion_from_essential)"
"      399","    0.001","    0.000","    0.001","    0.000"," __init__.py:1286(__del__)"
"      402","    0.001","    0.000","    0.001","    0.000"," __init__.py:2308(fmt)"
"     1940","    0.001","    0.000","    0.001","    0.000"," _function_base_impl.py:169(_rot90_dispatcher)"
"     6130","    0.001","    0.000","    0.001","    0.000"," _linalg.py:553(_unary_dispatcher)"
"      665","    0.001","    0.000","    0.001","    0.000"," _moderngl.py:228(loader)"
"      131","    0.001","    0.000","    0.001","    0.000"," _twodim_base_impl.py:176(eye)"
"     6304","    0.001","    0.000","    0.001","    0.000"," fromnumeric.py:2333(_sum_dispatcher)"
"      117","    0.001","    0.000","    0.001","    0.000"," helpers.py:709(camera_pose_to_serializable)"
"     4202","    0.001","    0.000","    0.001","    0.000"," numeric.py:1552(_cross_dispatcher)"
"    10627","    0.001","    0.000","    0.001","    0.000"," shape_base.py:76(_atleast_2d_dispatcher)"
"      808","    0.001","    0.000","    0.001","    0.000"," {built-in method __new__ of type object at 0xa43b40}"
"        2","    0.001","    0.000","    0.001","    0.000"," {built-in method _posixsubprocess.fork_exec}"
"     4771","    0.001","    0.000","    0.001","    0.000"," {built-in method builtins.id}"
"     2029","    0.001","    0.000","    0.001","    0.000"," {built-in method height}"
"      969","    0.001","    0.000","    0.001","    0.000"," {built-in method time.time}"
"      397","    0.001","    0.000","    0.001","    0.000"," {method 'argmin' of 'numpy.ndarray' objects}"
"      693","    0.001","    0.000","    0.001","    0.000"," {method 'argsort' of 'numpy.ndarray' objects}"
"      847","    0.001","    0.000","    0.001","    0.000"," {method 'copy' of 'numpy.ndarray' objects}"
"      500","    0.001","    0.000","    0.001","    0.000"," {method 'dot' of 'numpy.ndarray' objects}"
"      464","    0.001","    0.000","    0.001","    0.000"," {method 'ravel' of 'numpy.ndarray' objects}"
"     1330","    0.001","    0.000","    0.001","    0.000"," {method 'remove' of 'list' objects}"
"      146","    0.001","    0.000","    0.001","    0.000"," {method 'sum' of 'numpy.generic' objects}"
"      399","    0.000","    0.000","    0.001","    0.000"," __init__.py:49(__del__)"
"      129","    0.000","    0.000","    0.001","    0.000"," _aliases.py:116(astype)"
"      117","    0.000","    0.000","    0.001","    0.000"," _aliases.py:89(asarray)"
"       33","    0.000","    0.000","    0.001","    0.000"," _differentiable_functions.py:677(_update_x)"
"      146","    0.000","    0.000","    0.001","    0.000"," _methods.py:49(_sum)"
"       12","    0.000","    0.000","    0.001","    0.000"," _polyutils.py:98(poly)"
"        7","    0.000","    0.000","    0.001","    0.000"," arrayprint.py:1001(fillFormat)"
"        7","    0.000","    0.000","    0.001","    0.000"," arrayprint.py:1588(_array_repr_implementation)"
"        7","    0.000","    0.000","    0.001","    0.000"," arrayprint.py:469(<lambda>)"
"        7","    0.000","    0.000","    0.001","    0.000"," arrayprint.py:510(_get_format_function)"
"        7","    0.000","    0.000","    0.001","    0.000"," arrayprint.py:564(wrapper)"
"        7","    0.000","    0.000","    0.001","    0.000"," arrayprint.py:581(_array2string)"
"        7","    0.000","    0.000","    0.001","    0.000"," arrayprint.py:619(array2string)"
"        7","    0.000","    0.000","    0.001","    0.000"," arrayprint.py:975(__init__)"
"       44","    0.000","    0.000","    0.001","    0.000"," common.py:106(phi_and_derivative)"
"     2028","    0.000","    0.000","    0.001","    0.000"," dispatcher.py:252(ordering)"
"       33","    0.000","    0.000","    0.001","    0.000"," least_squares.py:234(loss_function)"
"      139","    0.000","    0.000","    0.001","    0.000"," numerictypes.py:385(isdtype)"
"        2","    0.000","    0.000","    0.001","    0.000"," subprocess.py:1791(_execute_child)"
"        2","    0.000","    0.000","    0.001","    0.000"," subprocess.py:807(__init__)"
24345/773,0    0.15,3    0.00,0   30.89,7    0.00,4 {built-in method builtins.next}
267944/26,7940    0,.038    0,.000    0,.038    0,.000 {built-in method builtins.len}
"        3","    0.000","    0.000","    0.000","    0.000"," <frozen codecs>:260(__init__)"
"        3","    0.000","    0.000","    0.000","    0.000"," <frozen codecs>:309(__init__)"
"        2","    0.000","    0.000","    0.000","    0.000"," <frozen codecs>:319(decode)"
"        3","    0.000","    0.000","    0.000","    0.000"," <frozen importlib._bootstrap>:1390(_handle_fromlist)"
"        2","    0.000","    0.000","    0.000","    0.000"," <frozen os>:812(fsencode)"
"        6","    0.000","    0.000","    0.000","    0.000"," <frozen posixpath>:179(dirname)"
"        8","    0.000","    0.000","    0.000","    0.000"," <frozen posixpath>:41(_get_sep)"
"        2","    0.000","    0.000","    0.000","    0.000"," <frozen posixpath>:71(join)"
"        1","    0.000","    0.000","    0.000","    0.000"," ArcBall.py:102(__init__)"
"        3","    0.000","    0.000","    0.000","    0.000"," ArcBall.py:157(onClickLeftDown)"
"        1","    0.000","    0.000","    0.000","    0.000"," ArcBall.py:25(__init__)"
"        2","    0.000","    0.000","    0.000","    0.000"," ArcBall.py:36(setBounds)"
"        3","    0.000","    0.000","    0.000","    0.000"," ArcBall.py:43(click)"
"        1","    0.000","    0.000","    0.000","    0.000"," __init__.py:102(CFunctionType)"
"     1596","    0.000","    0.000","    0.000","    0.000"," __init__.py:1506(gc_mode)"
"        1","    0.000","    0.000","    0.000","    0.000"," __init__.py:1613(viewport)"
"        2","    0.000","    0.000","    0.000","    0.000"," __init__.py:1780(detect_framebuffer)"
"        2","    0.000","    0.000","    0.000","    0.000"," __init__.py:179(sub)"
"        1","    0.000","    0.000","    0.000","    0.000"," __init__.py:274(load)"
"        2","    0.000","    0.000","    0.000","    0.000"," __init__.py:280(_compile)"
"        1","    0.000","    0.000","    0.000","    0.000"," __init__.py:299(loads)"
"        2","    0.000","    0.000","    0.000","    0.000"," __init__.py:343(__init__)"
"        2","    0.000","    0.000","    0.000","    0.000"," __init__.py:373(_FuncPtr)"
"        4","    0.000","    0.000","    0.000","    0.000"," __init__.py:389(__getattr__)"
"        4","    0.000","    0.000","    0.000","    0.000"," __init__.py:396(__getitem__)"
"        3","    0.000","    0.000","    0.000","    0.000"," __init__.py:411(__getitem__)"
"      402","    0.000","    0.000","    0.000","    0.000"," __init__.py:420(is_transform)"
"        2","    0.000","    0.000","    0.000","    0.000"," __init__.py:517(cast)"
"        2","    0.000","    0.000","    0.000","    0.000"," __init__.py:73(CFUNCTYPE)"
"       18","    0.000","    0.000","    0.000","    0.000"," _aliases.py:122(ones)"
"       12","    0.000","    0.000","    0.000","    0.000"," _aliases.py:134(ones_like)"
"       12","    0.000","    0.000","    0.000","    0.000"," _aliases.py:467(argsort)"
"      181","    0.000","    0.000","    0.000","    0.000"," _array_computer_code.api.py:131(array_namespace)"
"       54","    0.000","    0.000","    0.000","    0.000"," _array_computer_code.api.py:170(_asarray)"
"       54","    0.000","    0.000","    0.000","    0.000"," _array_computer_code.api.py:217(xp_copy)"
"       12","    0.000","    0.000","    0.000","    0.000"," _arraytools.py:250(_validate_fs)"
"        1","    0.000","    0.000","    0.000","    0.000"," _compiler.py:216(_compile_charset)"
"        1","    0.000","    0.000","    0.000","    0.000"," _compiler.py:243(_optimize_charset)"
"        1","    0.000","    0.000","    0.000","    0.000"," _compiler.py:31(_combine_flags)"
"      4/1","    0.000","    0.000","    0.000","    0.000"," _compiler.py:37(_compile)"
"        2","    0.000","    0.000","    0.000","    0.000"," _compiler.py:398(_simple)"
"        1","    0.000","    0.000","    0.000","    0.000"," _compiler.py:407(_generate_overlap_table)"
"        1","    0.000","    0.000","    0.000","    0.000"," _compiler.py:428(_get_iscased)"
"        1","    0.000","    0.000","    0.000","    0.000"," _compiler.py:436(_get_literal_prefix)"
"        1","    0.000","    0.000","    0.000","    0.000"," _compiler.py:511(_compile_info)"
"        2","    0.000","    0.000","    0.000","    0.000"," _compiler.py:570(isstring)"
"        1","    0.000","    0.000","    0.000","    0.000"," _compiler.py:573(_code)"
"        1","    0.000","    0.000","    0.000","    0.000"," _compiler.py:740(compile)"
"        1","    0.000","    0.000","    0.000","    0.000"," _differentiable_functions.py:409(__init__)"
"        1","    0.000","    0.000","    0.000","    0.000"," _differentiable_functions.py:422(__init__)"
"        1","    0.000","    0.000","    0.000","    0.000"," _differentiable_functions.py:467(__init__)"
"        1","    0.000","    0.000","    0.000","    0.000"," _differentiable_functions.py:480(__call__)"
"        1","    0.000","    0.000","    0.000","    0.000"," _differentiable_functions.py:505(_callable_hess)"
"        1","    0.000","    0.000","    0.000","    0.000"," _dtype.py:23(_kind_name)"
"        1","    0.000","    0.000","    0.000","    0.000"," _dtype.py:326(_name_includes_bit_suffix)"
"        1","    0.000","    0.000","    0.000","    0.000"," _dtype.py:342(_name_get)"
"       24","    0.000","    0.000","    0.000","    0.000"," _filter_design.py:2774(<genexpr>)"
"       12","    0.000","    0.000","    0.000","    0.000"," _filter_design.py:2880(_relative_degree)"
"        6","    0.000","    0.000","    0.000","    0.000"," _filter_design.py:2892(bilinear_zpk)"
"        6","    0.000","    0.000","    0.000","    0.000"," _filter_design.py:2979(lp2lp_zpk)"
"        6","    0.000","    0.000","    0.000","    0.000"," _filter_design.py:4579(buttap)"
"    93/87","    0.000","    0.000","    0.000","    0.000"," _funcs.py:178(atleast_nd)"
"       97","    0.000","    0.000","    0.000","    0.000"," _function_base_impl.py:912(_copy_dispatcher)"
"       97","    0.000","    0.000","    0.000","    0.000"," _function_base_impl.py:916(copy)"
"      276","    0.000","    0.000","    0.000","    0.000"," _helpers.py:660(_check_device)"
"       42","    0.000","    0.000","    0.000","    0.000"," _internal.py:32(wrapped_f)"
"      449","    0.000","    0.000","    0.000","    0.000"," _linalg.py:2618(_norm_dispatcher)"
"       12","    0.000","    0.000","    0.000","    0.000"," _methods.py:41(_amax)"
"       18","    0.000","    0.000","    0.000","    0.000"," _methods.py:57(_any)"
"        1","    0.000","    0.000","    0.000","    0.000"," _moderngl.py:196(__init__)"
"        3","    0.000","    0.000","    0.000","    0.000"," _moderngl.py:29(__init__)"
"        2","    0.000","    0.000","    0.000","    0.000"," _moderngl.py:368(make_attribute)"
"        3","    0.000","    0.000","    0.000","    0.000"," _moderngl.py:387(make_uniform)"
"        2","    0.000","    0.000","    0.000","    0.000"," _moderngl.py:6(__init__)"
"        2","    0.000","    0.000","    0.000","    0.000"," _moderngl.py:685(resolve_includes)"
"       12","    0.000","    0.000","    0.000","    0.000"," _numdiff.py:14(_adjust_scheme_to_bounds)"
"       12","    0.000","    0.000","    0.000","    0.000"," _numdiff.py:147(_compute_absolute_step)"
"       12","    0.000","    0.000","    0.000","    0.000"," _numdiff.py:196(_prepare_bounds)"
"       36","    0.000","    0.000","    0.000","    0.000"," _numdiff.py:207(<genexpr>)"
"      108","    0.000","    0.000","    0.000","    0.000"," _numdiff.py:670(x_generator2)"
"       12","    0.000","    0.000","    0.000","    0.000"," _numdiff.py:865(__init__)"
"        1","    0.000","    0.000","    0.000","    0.000"," _numdiff.py:93(_eps_for_method)"
"        1","    0.000","    0.000","    0.000","    0.000"," _optimize.py:88(_wrap_callback)"
"        4","    0.000","    0.000","    0.000","    0.000"," _parser.py:113(__init__)"
"        8","    0.000","    0.000","    0.000","    0.000"," _parser.py:164(__len__)"
"       29","    0.000","    0.000","    0.000","    0.000"," _parser.py:168(__getitem__)"
"        2","    0.000","    0.000","    0.000","    0.000"," _parser.py:172(__setitem__)"
"       13","    0.000","    0.000","    0.000","    0.000"," _parser.py:176(append)"
"      5/2","    0.000","    0.000","    0.000","    0.000"," _parser.py:178(getwidth)"
"        1","    0.000","    0.000","    0.000","    0.000"," _parser.py:231(__init__)"
"       20","    0.000","    0.000","    0.000","    0.000"," _parser.py:240(__next)"
"       10","    0.000","    0.000","    0.000","    0.000"," _parser.py:256(match)"
"       17","    0.000","    0.000","    0.000","    0.000"," _parser.py:261(get)"
"        6","    0.000","    0.000","    0.000","    0.000"," _parser.py:293(tell)"
"        1","    0.000","    0.000","    0.000","    0.000"," _parser.py:372(_escape)"
"        1","    0.000","    0.000","    0.000","    0.000"," _parser.py:449(_uniq)"
"      2/1","    0.000","    0.000","    0.000","    0.000"," _parser.py:452(_parse_sub)"
"      2/1","    0.000","    0.000","    0.000","    0.000"," _parser.py:512(_parse)"
"        1","    0.000","    0.000","    0.000","    0.000"," _parser.py:77(__init__)"
"        4","    0.000","    0.000","    0.000","    0.000"," _parser.py:83(groups)"
"        1","    0.000","    0.000","    0.000","    0.000"," _parser.py:86(opengroup)"
"        1","    0.000","    0.000","    0.000","    0.000"," _parser.py:953(fix_flags)"
"        1","    0.000","    0.000","    0.000","    0.000"," _parser.py:969(parse)"
"        1","    0.000","    0.000","    0.000","    0.000"," _parser.py:98(closegroup)"
"       12","    0.000","    0.000","    0.000","    0.000"," _polyutils.py:12(_sort_cmplx)"
"       12","    0.000","    0.000","    0.000","    0.000"," _type_check_impl.py:127(_imag_dispatcher)"
"       12","    0.000","    0.000","    0.000","    0.000"," _type_check_impl.py:131(imag)"
"        1","    0.000","    0.000","    0.000","    0.000"," _type_check_impl.py:171(_is_type_dispatcher)"
"        1","    0.000","    0.000","    0.000","    0.000"," _type_check_impl.py:270(iscomplexobj)"
"       24","    0.000","    0.000","    0.000","    0.000"," _type_check_impl.py:80(_real_dispatcher)"
"       24","    0.000","    0.000","    0.000","    0.000"," _type_check_impl.py:84(real)"
"        7","    0.000","    0.000","    0.000","    0.000"," _ufunc_config.py:436(__init__)"
"        7","    0.000","    0.000","    0.000","    0.000"," _ufunc_config.py:446(__enter__)"
"        7","    0.000","    0.000","    0.000","    0.000"," _ufunc_config.py:462(__exit__)"
"        7","    0.000","    0.000","    0.000","    0.000"," _util.py:1064(__getattr__)"
"       13","    0.000","    0.000","    0.000","    0.000"," _util.py:613(__init__)"
"       13","    0.000","    0.000","    0.000","    0.000"," _util.py:641(__enter__)"
"       13","    0.000","    0.000","    0.000","    0.000"," _util.py:656(__exit__)"
"    24/12","    0.000","    0.000","    0.000","    0.000"," _util.py:661(__call__)"
"        1","    0.000","    0.000","    0.000","    0.000"," app.py:226(setup_scene)"
"        2","    0.000","    0.000","    0.000","    0.000"," app.py:318(toggle_collect_points)"
"        1","    0.000","    0.000","    0.000","    0.000"," app.py:401(toggle_camera_stream)"
"        9","    0.000","    0.000","    0.000","    0.000"," app.py:420(update_enabled_states)"
"        1","    0.000","    0.000","    0.000","    0.000"," app.py:75(test)"
"       52","    0.000","    0.000","    0.000","    0.000"," arrayprint.py:1056(<genexpr>)"
"       52","    0.000","    0.000","    0.000","    0.000"," arrayprint.py:1061(<genexpr>)"
"       52","    0.000","    0.000","    0.000","    0.000"," arrayprint.py:1065(<genexpr>)"
"       52","    0.000","    0.000","    0.000","    0.000"," arrayprint.py:1066(<genexpr>)"
"       45","    0.000","    0.000","    0.000","    0.000"," arrayprint.py:1092(__call__)"
"        7","    0.000","    0.000","    0.000","    0.000"," arrayprint.py:1514(dtype_is_implied)"
"        1","    0.000","    0.000","    0.000","    0.000"," arrayprint.py:1556(dtype_short_repr)"
"        7","    0.000","    0.000","    0.000","    0.000"," arrayprint.py:460(_get_formatdict)"
"        7","    0.000","    0.000","    0.000","    0.000"," arrayprint.py:57(_make_options_dict)"
"       45","    0.000","    0.000","    0.000","    0.000"," arrayprint.py:801(_extendLine)"
"       45","    0.000","    0.000","    0.000","    0.000"," arrayprint.py:815(_extendLine_pretty)"
"        7","    0.000","    0.000","    0.000","    0.000"," arrayprint.py:842(_formatArray)"
"     67/7","    0.000","    0.000","    0.000","    0.000"," arrayprint.py:851(recurser)"
"        7","    0.000","    0.000","    0.000","    0.000"," arrayprint.py:966(_none_or_positive_arg)"
"        2","    0.000","    0.000","    0.000","    0.000"," blas.py:270(find_best_blas_type)"
"        2","    0.000","    0.000","    0.000","    0.000"," blas.py:337(_get_funcs)"
"       20","    0.000","    0.000","    0.000","    0.000"," common.py:222(update_tr_radius)"
"        1","    0.000","    0.000","    0.000","    0.000"," common.py:367(in_bounds)"
"        1","    0.000","    0.000","    0.000","    0.000"," common.py:401(find_active_constraints)"
"        1","    0.000","    0.000","    0.000","    0.000"," common.py:440(make_strictly_feasible)"
"        1","    0.000","    0.000","    0.000","    0.000"," common.py:545(print_header_nonlinear)"
"       12","    0.000","    0.000","    0.000","    0.000"," common.py:551(print_iteration_nonlinear)"
"       12","    0.000","    0.000","    0.000","    0.000"," common.py:590(compute_grad)"
"       12","    0.000","    0.000","    0.000","    0.000"," common.py:687(left_multiply)"
"       20","    0.000","    0.000","    0.000","    0.000"," common.py:705(check_termination)"
"       12","    0.000","    0.000","    0.000","    0.000"," common.py:720(scale_for_robust_loss_function)"
"        1","    0.000","    0.000","    0.000","    0.000"," conflict.py:109(ordering)"
"        8","    0.000","    0.000","    0.000","    0.000"," conflict.py:116(<lambda>)"
"        9","    0.000","    0.000","    0.000","    0.000"," conflict.py:120(<genexpr>)"
"       28","    0.000","    0.000","    0.000","    0.000"," conflict.py:39(consistent)"
"       36","    0.000","    0.000","    0.000","    0.000"," conflict.py:50(<genexpr>)"
"       28","    0.000","    0.000","    0.000","    0.000"," conflict.py:71(ambiguous)"
"        1","    0.000","    0.000","    0.000","    0.000"," conflict.py:76(ambiguities)"
"        1","    0.000","    0.000","    0.000","    0.000"," conflict.py:79(<genexpr>)"
"       93","    0.000","    0.000","    0.000","    0.000"," conflict.py:9(supercedes)"
"       64","    0.000","    0.000","    0.000","    0.000"," conflict.py:97(edge)"
"        2","    0.000","    0.000","    0.000","    0.000"," contextlib.py:104(__init__)"
"        2","    0.000","    0.000","    0.000","    0.000"," contextlib.py:132(__enter__)"
"        2","    0.000","    0.000","    0.000","    0.000"," contextlib.py:141(__exit__)"
"        2","    0.000","    0.000","    0.000","    0.000"," contextlib.py:299(helper)"
"        2","    0.000","    0.000","    0.000","    0.000"," contextlib.py:475(_create_cb_wrapper)"
"        2","    0.000","    0.000","    0.000","    0.000"," contextlib.py:477(_exit_wrapper)"
"        2","    0.000","    0.000","    0.000","    0.000"," contextlib.py:481(__init__)"
"        2","    0.000","    0.000","    0.000","    0.000"," contextlib.py:530(callback)"
"        2","    0.000","    0.000","    0.000","    0.000"," contextlib.py:548(_push_exit_callback)"
"        2","    0.000","    0.000","    0.000","    0.000"," contextlib.py:564(__enter__)"
"        2","    0.000","    0.000","    0.000","    0.000"," contextlib.py:567(__exit__)"
"      794","    0.000","    0.000","    0.000","    0.000"," copy.py:172(_deepcopy_atomic)"
"        1","    0.000","    0.000","    0.000","    0.000"," decoder.py:332(decode)"
"        1","    0.000","    0.000","    0.000","    0.000"," decoder.py:343(raw_decode)"
"        1","    0.000","    0.000","    0.000","    0.000"," dispatcher.py:259(reorder)"
"        2","    0.000","    0.000","    0.000","    0.000"," enum.py:1129(__new__)"
"      117","    0.000","    0.000","    0.000","    0.000"," enum.py:1292(value)"
"        6","    0.000","    0.000","    0.000","    0.000"," enum.py:1544(_get_value)"
"        2","    0.000","    0.000","    0.000","    0.000"," enum.py:1562(__and__)"
"      117","    0.000","    0.000","    0.000","    0.000"," enum.py:202(__get__)"
"        2","    0.000","    0.000","    0.000","    0.000"," enum.py:726(__call__)"
"        2","    0.000","    0.000","    0.000","    0.000"," fromnumeric.py:105(_take_dispatcher)"
"        2","    0.000","    0.000","    0.000","    0.000"," fromnumeric.py:109(take)"
"       12","    0.000","    0.000","    0.000","    0.000"," fromnumeric.py:1125(_argsort_dispatcher)"
"       12","    0.000","    0.000","    0.000","    0.000"," fromnumeric.py:1129(argsort)"
"      397","    0.000","    0.000","    0.000","    0.000"," fromnumeric.py:1344(_argmin_dispatcher)"
"       27","    0.000","    0.000","    0.000","    0.000"," fromnumeric.py:1529(_resize_dispatcher)"
"       27","    0.000","    0.000","    0.000","    0.000"," fromnumeric.py:1533(resize)"
"       27","    0.000","    0.000","    0.000","    0.000"," fromnumeric.py:1900(_ravel_dispatcher)"
"       27","    0.000","    0.000","    0.000","    0.000"," fromnumeric.py:1904(ravel)"
"       27","    0.000","    0.000","    0.000","    0.000"," fromnumeric.py:206(_reshape_dispatcher)"
"       27","    0.000","    0.000","    0.000","    0.000"," fromnumeric.py:211(reshape)"
"       32","    0.000","    0.000","    0.000","    0.000"," fromnumeric.py:2472(_any_dispatcher)"
"       32","    0.000","    0.000","    0.000","    0.000"," fromnumeric.py:2477(any)"
"        6","    0.000","    0.000","    0.000","    0.000"," fromnumeric.py:3047(_max_dispatcher)"
"        6","    0.000","    0.000","    0.000","    0.000"," fromnumeric.py:3052(max)"
"      403","    0.000","    0.000","    0.000","    0.000"," fromnumeric.py:3185(_min_dispatcher)"
"      693","    0.000","    0.000","    0.000","    0.000"," fromnumeric.py:3323(_prod_dispatcher)"
"        6","    0.000","    0.000","    0.000","    0.000"," fromnumeric.py:3562(_size_dispatcher)"
"        6","    0.000","    0.000","    0.000","    0.000"," fromnumeric.py:3566(size)"
"        1","    0.000","    0.000","    0.000","    0.000"," fromnumeric.py:3730(_mean_dispatcher)"
"        1","    0.000","    0.000","    0.000","    0.000"," fromnumeric.py:3735(mean)"
"        1","    0.000","    0.000","    0.000","    0.000"," fromnumeric.py:625(_transpose_dispatcher)"
"        1","    0.000","    0.000","    0.000","    0.000"," fromnumeric.py:629(transpose)"
"        9","    0.000","    0.000","    0.000","    0.000"," getlimits.py:494(__new__)"
"        2","    0.000","    0.000","    0.000","    0.000"," helpers.py:110(set_num_objects)"
"        1","    0.000","    0.000","    0.000","    0.000"," helpers.py:249(start_capturing_points)"
"        1","    0.000","    0.000","    0.000","    0.000"," helpers.py:252(stop_capturing_points)"
"        1","    0.000","    0.000","    0.000","    0.000"," helpers.py:261(stop_trangulating_points)"
"        1","    0.000","    0.000","    0.000","    0.000"," helpers.py:361(essential_from_fundamental)"
"        2","    0.000","    0.000","    0.000","    0.000"," index.py:147(capture_points)"
"        1","    0.000","    0.000","    0.000","    0.000"," index.py:21(__init__)"
"        1","    0.000","    0.000","    0.000","    0.000"," index.py:46(enable)"
"        1","    0.000","    0.000","    0.000","    0.000"," index.py:51(mutex)"
"        1","    0.000","    0.000","    0.000","    0.000"," index.py:61(camera_stream)"
"        2","    0.000","    0.000","    0.000","    0.000"," lapack.py:927(get_lapack_funcs)"
"        1","    0.000","    0.000","    0.000","    0.000"," least_squares.py:102(prepare_bounds)"
"        3","    0.000","    0.000","    0.000","    0.000"," least_squares.py:103(<genexpr>)"
"        1","    0.000","    0.000","    0.000","    0.000"," least_squares.py:113(check_tolerance)"
"        3","    0.000","    0.000","    0.000","    0.000"," least_squares.py:114(check)"
"        1","    0.000","    0.000","    0.000","    0.000"," least_squares.py:137(check_x_scale)"
"        1","    0.000","    0.000","    0.000","    0.000"," least_squares.py:167(check_jac_sparsity)"
"       33","    0.000","    0.000","    0.000","    0.000"," least_squares.py:204(cauchy)"
"        1","    0.000","    0.000","    0.000","    0.000"," least_squares.py:226(construct_loss_function)"
"        1","    0.000","    0.000","    0.000","    0.000"," least_squares.py:257(__init__)"
"        1","    0.000","    0.000","    0.000","    0.000"," least_squares.py:922(_dummy_hess)"
"       27","    0.000","    0.000","    0.000","    0.000"," multiarray.py:115(empty_like)"
"        6","    0.000","    0.000","    0.000","    0.000"," numeric.py:1964(isscalar)"
"        3","    0.000","    0.000","    0.000","    0.000"," numeric.py:2231(identity)"
"        1","    0.000","    0.000","    0.000","    0.000"," numeric.py:2369(_isclose_dispatcher)"
"        1","    0.000","    0.000","    0.000","    0.000"," numeric.py:2373(isclose)"
"       24","    0.000","    0.000","    0.000","    0.000"," numeric.py:241(_ones_like_dispatcher)"
"        5","    0.000","    0.000","    0.000","    0.000"," numeric.py:2465(<genexpr>)"
"       24","    0.000","    0.000","    0.000","    0.000"," numeric.py:247(ones_like)"
"       33","    0.000","    0.000","    0.000","    0.000"," numeric.py:2505(_array_equal_dispatcher)"
"       33","    0.000","    0.000","    0.000","    0.000"," numeric.py:2524(array_equal)"
"       60","    0.000","    0.000","    0.000","    0.000"," numeric.py:802(_convolve_dispatcher)"
"       60","    0.000","    0.000","    0.000","    0.000"," numeric.py:806(convolve)"
"        3","    0.000","    0.000","    0.000","    0.000"," numeric.py:92(_zeros_like_dispatcher)"
"        3","    0.000","    0.000","    0.000","    0.000"," numeric.py:98(zeros_like)"
"        6","    0.000","    0.000","    0.000","    0.000"," numerictypes.py:293(issubclass_)"
"      139","    0.000","    0.000","    0.000","    0.000"," numerictypes.py:372(_preprocess_dtype)"
"        3","    0.000","    0.000","    0.000","    0.000"," numerictypes.py:475(issubdtype)"
"        2","    0.000","    0.000","    0.000","    0.000"," platform.py:889(uname)"
"        2","    0.000","    0.000","    0.000","    0.000"," platform.py:978(system)"
"     1202","    0.000","    0.000","    0.000","    0.000"," shape_base.py:17(_atleast_1d_dispatcher)"
"       60","    0.000","    0.000","    0.000","    0.000"," shape_base.py:370(_stack_dispatcher)"
"       60","    0.000","    0.000","    0.000","    0.000"," shape_base.py:380(stack)"
"        2","    0.000","    0.000","    0.000","    0.000"," subprocess.py:1089(__enter__)"
"        2","    0.000","    0.000","    0.000","    0.000"," subprocess.py:1092(__exit__)"
"        2","    0.000","    0.000","    0.000","    0.000"," subprocess.py:1120(__del__)"
"        2","    0.000","    0.000","    0.000","    0.000"," subprocess.py:1233(poll)"
"        4","    0.000","    0.000","    0.000","    0.000"," subprocess.py:1259(wait)"
"        2","    0.000","    0.000","    0.000","    0.000"," subprocess.py:1282(_close_pipe_fds)"
"        4","    0.000","    0.000","    0.000","    0.000"," subprocess.py:1311(_on_error_fd_closer)"
"        2","    0.000","    0.000","    0.000","    0.000"," subprocess.py:1688(_get_handles)"
"        2","    0.000","    0.000","    0.000","    0.000"," subprocess.py:1961(_handle_exitstatus)"
"        4","    0.000","    0.000","    0.000","    0.000"," subprocess.py:1973(_internal_poll)"
"        2","    0.000","    0.000","    0.000","    0.000"," subprocess.py:2008(_try_wait)"
"        4","    0.000","    0.000","    0.000","    0.000"," subprocess.py:2021(_wait)"
"        2","    0.000","    0.000","    0.000","    0.000"," subprocess.py:268(_cleanup)"
"        2","    0.000","    0.000","    0.000","    0.000"," subprocess.py:481(__init__)"
"        1","    0.000","    0.000","    0.000","    0.000"," utils.py:33(_toposort)"
"        4","    0.000","    0.000","    0.000","    0.000"," utils.py:51(<genexpr>)"
"        6","    0.000","    0.000","    0.000","    0.000"," utils.py:52(<genexpr>)"
"        9","    0.000","    0.000","    0.000","    0.000"," utils.py:63(<genexpr>)"
"        1","    0.000","    0.000","    0.000","    0.000"," utils.py:68(reverse_dict)"
"        1","    0.000","    0.000","    0.000","    0.000"," utils.py:90(groupby)"
"        6","    0.000","    0.000","    0.000","    0.000"," videoSubSystem.py:67(get_id_from_v4l2)"
"        2","    0.000","    0.000","    0.000","    0.000"," viewer3d.py:123(add_camera)"
"        1","    0.000","    0.000","    0.000","    0.000"," viewer3d.py:323(resizeGL)"
"        3","    0.000","    0.000","    0.000","    0.000"," viewer3d.py:330(mousePressEvent)"
"        3","    0.000","    0.000","    0.000","    0.000"," viewer3d.py:334(mouseReleaseEvent)"
"        1","    0.000","    0.000","    0.000","    0.000"," viewer3d.py:66(create_grid)"
"        2","    0.000","    0.000","    0.000","    0.000"," viewer3d.py:82(camera_helper)"
"        2","    0.000","    0.000","    0.000","    0.000"," {VideoWriter_fourcc}"
"        2","    0.000","    0.000","    0.000","    0.000"," {built-in method _codecs.utf_8_decode}"
"        2","    0.000","    0.000","    0.000","    0.000"," {built-in method _ctypes.dlopen}"
"        5","    0.000","    0.000","    0.000","    0.000"," {built-in method _io.open}"
"        1","    0.000","    0.000","    0.000","    0.000"," {built-in method _sre.compile}"
"        3","    0.000","    0.000","    0.000","    0.000"," {built-in method _thread.allocate_lock}"
"        7","    0.000","    0.000","    0.000","    0.000"," {built-in method _thread.get_ident}"
"        1","    0.000","    0.000","    0.000","    0.000"," {built-in method addAction}"
"        1","    0.000","    0.000","    0.000","    0.000"," {built-in method addMenu}"
"       20","    0.000","    0.000","    0.000","    0.000"," {built-in method addWidget}"
"       84","    0.000","    0.000","    0.000","    0.000"," {built-in method angleDelta}"
"        3","    0.000","    0.000","    0.000","    0.000"," {built-in method builtins.__build_class__}"
"       14","    0.000","    0.000","    0.000","    0.000"," {built-in method builtins.abs}"
"       34","    0.000","    0.000","    0.000","    0.000"," {built-in method builtins.callable}"
"      144","    0.000","    0.000","    0.000","    0.000"," {built-in method builtins.hash}"
"        7","    0.000","    0.000","    0.000","    0.000"," {built-in method builtins.locals}"
"       98","    0.000","    0.000","    0.000","    0.000"," {built-in method builtins.min}"
"       11","    0.000","    0.000","    0.000","    0.000"," {built-in method builtins.ord}"
"        4","    0.000","    0.000","    0.000","    0.000"," {built-in method builtins.setattr}"
"      152","    0.000","    0.000","    0.000","    0.000"," {built-in method buttons}"
"        1","    0.000","    0.000","    0.000","    0.000"," {built-in method fromkeys}"
"        7","    0.000","    0.000","    0.000","    0.000"," {built-in method numpy._core._multiarray_umath._make_extobj}"
"       60","    0.000","    0.000","    0.000","    0.000"," {built-in method numpy._core._multiarray_umath.correlate}"
"       90","    0.000","    0.000","    0.000","    0.000"," {built-in method numpy._core._multiarray_umath.dragon4_positional}"
"        6","    0.000","    0.000","    0.000","    0.000"," {built-in method numpy.arange}"
"        2","    0.000","    0.000","    0.000","    0.000"," {built-in method posix.WIFSTOPPED}"
"        6","    0.000","    0.000","    0.000","    0.000"," {built-in method posix.close}"
"       12","    0.000","    0.000","    0.000","    0.000"," {built-in method posix.fspath}"
"        4","    0.000","    0.000","    0.000","    0.000"," {built-in method posix.pipe}"
"        2","    0.000","    0.000","    0.000","    0.000"," {built-in method posix.read}"
"        2","    0.000","    0.000","    0.000","    0.000"," {built-in method posix.waitpid}"
"        2","    0.000","    0.000","    0.000","    0.000"," {built-in method posix.waitstatus_to_exitcode}"
"        1","    0.000","    0.000","    0.000","    0.000"," {built-in method setAlignment}"
"        1","    0.000","    0.000","    0.000","    0.000"," {built-in method setCentralWidget}"
"        2","    0.000","    0.000","    0.000","    0.000"," {built-in method setColumnMinimumWidth}"
"        2","    0.000","    0.000","    0.000","    0.000"," {built-in method setColumnStretch}"
"       70","    0.000","    0.000","    0.000","    0.000"," {built-in method setEnabled}"
"        6","    0.000","    0.000","    0.000","    0.000"," {built-in method setFixedHeight}"
"        1","    0.000","    0.000","    0.000","    0.000"," {built-in method setInterval}"
"        2","    0.000","    0.000","    0.000","    0.000"," {built-in method setLayout}"
"        2","    0.000","    0.000","    0.000","    0.000"," {built-in method setMaximum}"
"        1","    0.000","    0.000","    0.000","    0.000"," {built-in method setMinimumSize}"
"        2","    0.000","    0.000","    0.000","    0.000"," {built-in method setMinimum}"
"        1","    0.000","    0.000","    0.000","    0.000"," {built-in method setRowStretch}"
"        1","    0.000","    0.000","    0.000","    0.000"," {built-in method setStyleSheet}"
"        2","    0.000","    0.000","    0.000","    0.000"," {built-in method setValue}"
"        1","    0.000","    0.000","    0.000","    0.000"," {built-in method setWindowTitle}"
"        1","    0.000","    0.000","    0.000","    0.000"," {built-in method start}"
"        2","    0.000","    0.000","    0.000","    0.000"," {built-in method sys.audit}"
"        2","    0.000","    0.000","    0.000","    0.000"," {built-in method sys.exc_info}"
"        1","    0.000","    0.000","    0.000","    0.000"," {built-in method sys.exit}"
"       84","    0.000","    0.000","    0.000","    0.000"," {built-in method type}"
"      149","    0.000","    0.000","    0.000","    0.000"," {built-in method x}"
"       84","    0.000","    0.000","    0.000","    0.000"," {built-in method y}"
"        2","    0.000","    0.000","    0.000","    0.000"," {decomposeEssentialMat}"
"        1","    0.000","    0.000","    0.000","    0.000"," {method '__exit__' of '_io._IOBase' objects}"
"        2","    0.000","    0.000","    0.000","    0.000"," {method '__exit__' of '_thread.lock' objects}"
"        9","    0.000","    0.000","    0.000","    0.000"," {method 'add' of 'set' objects}"
"        4","    0.000","    0.000","    0.000","    0.000"," {method 'all' of 'numpy.generic' objects}"
"       18","    0.000","    0.000","    0.000","    0.000"," {method 'any' of 'numpy.generic' objects}"
"        2","    0.000","    0.000","    0.000","    0.000"," {method 'append' of 'collections.deque' objects}"
"        4","    0.000","    0.000","    0.000","    0.000"," {method 'close' of '_io.BufferedReader' objects}"
"       12","    0.000","    0.000","    0.000","    0.000"," {method 'connect' of 'PyQt5.QtCore.pyqtBoundSignal' objects}"
"        9","    0.000","    0.000","    0.000","    0.000"," {method 'copy' of 'dict' objects}"
"        2","    0.000","    0.000","    0.000","    0.000"," {method 'count' of 'list' objects}"
"        2","    0.000","    0.000","    0.000","    0.000"," {method 'decode' of 'bytes' objects}"
"        2","    0.000","    0.000","    0.000","    0.000"," {method 'detect_framebuffer' of 'mgl.Context' objects}"
"        1","    0.000","    0.000","    0.000","    0.000"," {method 'disable' of '_lsprof.Profiler' objects}"
"        7","    0.000","    0.000","    0.000","    0.000"," {method 'discard' of 'set' objects}"
"      667","    0.000","    0.000","    0.000","    0.000"," {method 'encode' of 'str' objects}"
"        2","    0.000","    0.000","    0.000","    0.000"," {method 'end' of 're.Match' objects}"
"        2","    0.000","    0.000","    0.000","    0.000"," {method 'endswith' of 'str' objects}"
"        4","    0.000","    0.000","    0.000","    0.000"," {method 'extend' of 'list' objects}"
"        1","    0.000","    0.000","    0.000","    0.000"," {method 'find' of 'bytearray' objects}"
"        1","    0.000","    0.000","    0.000","    0.000"," {method 'format' of 'str' objects}"
"       21","    0.000","    0.000","    0.000","    0.000"," {method 'get' of '_contextvars.ContextVar' objects}"
"        1","    0.000","    0.000","    0.000","    0.000"," {method 'isalnum' of 'str' objects}"
"        1","    0.000","    0.000","    0.000","    0.000"," {method 'isalpha' of 'str' objects}"
"     1130","    0.000","    0.000","    0.000","    0.000"," {method 'item' of 'numpy.ndarray' objects}"
"        2","    0.000","    0.000","    0.000","    0.000"," {method 'items' of 'collections.OrderedDict' objects}"
"       20","    0.000","    0.000","    0.000","    0.000"," {method 'lower' of 'str' objects}"
"        2","    0.000","    0.000","    0.000","    0.000"," {method 'match' of 're.Pattern' objects}"
"       12","    0.000","    0.000","    0.000","    0.000"," {method 'max' of 'numpy.ndarray' objects}"
"        2","    0.000","    0.000","    0.000","    0.000"," {method 'pop' of 'collections.deque' objects}"
"        5","    0.000","    0.000","    0.000","    0.000"," {method 'pop' of 'dict' objects}"
"        8","    0.000","    0.000","    0.000","    0.000"," {method 'popitem' of 'collections.OrderedDict' objects}"
"        2","    0.000","    0.000","    0.000","    0.000"," {method 'read' of '_io.TextIOWrapper' objects}"
"        8","    0.000","    0.000","    0.000","    0.000"," {method 'remove' of 'set' objects}"
"        6","    0.000","    0.000","    0.000","    0.000"," {method 'replace' of 'str' objects}"
"        7","    0.000","    0.000","    0.000","    0.000"," {method 'reset' of '_contextvars.ContextVar' objects}"
"        2","    0.000","    0.000","    0.000","    0.000"," {method 'rfind' of 'bytes' objects}"
"        5","    0.000","    0.000","    0.000","    0.000"," {method 'rfind' of 'str' objects}"
"        2","    0.000","    0.000","    0.000","    0.000"," {method 'rstrip' of 'bytes' objects}"
"       26","    0.000","    0.000","    0.000","    0.000"," {method 'rstrip' of 'str' objects}"
"        7","    0.000","    0.000","    0.000","    0.000"," {method 'set' of '_contextvars.ContextVar' objects}"
"       53","    0.000","    0.000","    0.000","    0.000"," {method 'split' of 'str' objects}"
"       45","    0.000","    0.000","    0.000","    0.000"," {method 'splitlines' of 'str' objects}"
"       11","    0.000","    0.000","    0.000","    0.000"," {method 'startswith' of 'str' objects}"
"        8","    0.000","    0.000","    0.000","    0.000"," {method 'strip' of 'str' objects}"
"        2","    0.000","    0.000","    0.000","    0.000"," {method 'sub' of 're.Pattern' objects}"
"        2","    0.000","    0.000","    0.000","    0.000"," {method 'take' of 'numpy.ndarray' objects}"
"      402","    0.000","    0.000","    0.000","    0.000"," {method 'tobytes' of 'numpy.ndarray' objects}"
"        7","    0.000","    0.000","    0.000","    0.000"," {method 'update' of 'dict' objects}"
"      139","    0.000","    0.000","    0.000","    0.000"," {method 'update' of 'set' objects}"
"      139","    0.000","    0.000","    0.000","    0.000"," {method 'values' of 'dict' objects}"
"        2","    0.000","    0.000","    0.000","    0.000"," {singleShot}"
